file_path,line_numbers,texts
online-editor/src/NoMatchPage.tsx,[45],"[""h1"", ""404""]"
online-editor/src/App.tsx,"[71, 86]","["":workspaceId""]"
online-editor/src/companionFs/CompanionFsService.ts,"[43, 109]","[""Can't delete companion file because it doesn't exist for file '${args.workspaceFileRelativePath}' on Workspace '${args.workspaceId}'"", ""Can't rename companion file because it doesn't exist for file '${args.workspaceFileRelativePath}' on Workspace '${args.workspaceId}'""]"
online-editor/src/i18n/setup.tsx,"[30, 31]","[""en"", ""de""]"
online-editor/src/i18n/OnlineI18n.ts,"[57, 382, 389, 405, 406, 411, 415, 416, 418, 421, 431, 436, 440, 444, 455, 456, 457, 458, 462, 466, 472]","[""icon"", ""file"", ""file"", ""folder"", ""file"", ""folder"", ""file"", ""file"", ""again"", ""file"", ""file"", ""file"", ""file"", ""file"", ""package"", ""package"", ""file"", ""file"", ""file"", ""file"", ""port""]"
online-editor/src/i18n/locales/en.ts,"[59, 120, 138, 168, 371, 441, 453, 471, 472, 479, 485, 489, 494, 496, 501, 511, 518, 524, 528, 539, 540, 541, 544, 550, 556, 566, 612, 627, 661, 676]","[""已连接到 '${username}'"", ""勾选此选项将不安全地禁用此账户的 TLS 证书验证。这可以避免当集群位于使用自签名证书的 HTTPS 端点时，浏览器带来的限制。但请注意，自签名证书的安全性较弱，建议联系集群管理员使用可信证书。更多信息请参考 <a href='https://cwe.mitre.org/data/definitions/295.html' target='_blank'>https://cwe.mitre.org/data/definitions/295.html</a>。"", ""development"", ""勾选此选项将不安全地禁用此账户的 TLS 证书验证。仅在信任 Git 提供方且其位于使用自签名证书的 HTTPS 端点时勾选此选项。请注意，自签名证书的安全性较弱，建议联系 Git 提供方以使用可信证书。更多信息请参考 <a href='https://cwe.mitre.org/data/definitions/295.html' target='_blank'>https://cwe.mitre.org/data/definitions/295.html</a>。"", ""icon"", ""打开 "", ""file"", "" 文件。"", ""将 "", ""file"", "" 拖到 "", ""folder"", "" 文件夹。"", ""file"", ""打开 "", ""folder"", "" 文件夹。"", ""file"", ""file"", ""again"", ""启动 "", ""file"", ""将 "", ""file"", "" 文件移动到首选文件夹。"", ""file"", ""打开放置 "", ""file"", "" 文件的文件夹。"", ""打开 "", ""file"", "" 文件。"", ""${en_common.names.ubuntu}: "", ""package"", ""${en_common.names.fedora}: "", ""package"", ""将 "", ""file"", "" 的内容解压到指定位置。"", ""file"", ""进入放置 "", ""file"", "" 可执行文件的文件夹。"", ""file"", ""port"", ""'${workspace}' 的内容将全部放入新的 ${en_common.names.bitbucket} 仓库中。"", ""'${workspace}' 的内容将全部放入新的 ${en_common.names.github} 仓库中。"", ""'${workspace}' 的内容将全部放入新的 ${en_common.names.bitbucket} 代码片段中。"", ""'${workspace}' 的内容将全部放入新的 ${en_common.names.github} Gist 中。""]"
online-editor/src/i18n/locales/de.ts,"[35, 37, 44, 51, 61, 67, 68, 70, 73, 76, 79, 80, 89, 96, 97, 98, 99, 105, 106, 109, 117, 118, 120, 134, 136, 144, 149, 153, 154, 168, 173, 177, 179, 187, 197, 206, 217, 220, 222, 234, 240, 253, 258, 263, 272, 282, 285, 288, 300, 301, 310, 311, 319, 324, 335, 344, 349, 353, 354, 367, 368, 373, 381, 387, 390, 401, 410, 415, 420, 422, 423, 427, 428, 430, 433, 434, 435, 436, 445, 457, 475, 476, 483, 489, 490, 492, 493, 497, 498, 500, 505, 507, 514, 515, 522, 528, 529, 532, 534, 543, 544, 545, 548, 555, 556, 559, 561, 563, 564, 565, 574, 577, 595, 596, 617, 619, 624, 628, 637, 652, 658, 666, 669, 673, 682, 697, 716, 721, 722, 723, 724, 727, 728, 729, 730]","[""Als Text öffnen"", ""Inhalt in Zwischenablage kopiert"", ""WARNUNG: Dadurch wird Ihre Gist mit den lokalen Änderungen überschrieben!"", ""Trotzdem fortfahren"", ""Schließen und zurück zur Startseite"", ""Speichern & Herunterladen"", ""Quellcode kopieren"", ""Gist erstellen"", ""Snippet erstellen"", ""Teilen"", ""Einbetten"", ""Dieser Accelerator ist unter folgender Adresse zu erreichen"", ""Andere Dateien werden verschoben nach:"", ""Andere Dateien wurden verschoben nach:"", ""Accelerator anwenden"", ""Der Accelerator wurde angewendet auf:"", ""Bereitstellen"", ""Mehr erfahren"", ""Ihre Deployments werden hier angezeigt"", ""Verbunden mit  '${username}'"", ""Alles löschen"", ""Unsichere Deaktivierung der TLS Zertifikat Validierung"", ""Bereitstellen"", ""Dev Deployment(s) löschen"", ""Sind Sie sicher, dass Sie Ihre Dev Deployment(s) löschen möchten?"", ""Entwicklung"", ""Anbieter"", ""Instanz erstellen"", ""Gehen Sie zur Seite Erste Schritte"", ""Verbinden"", ""Hier sind einige mögliche Ursachen:"", ""Anbieter"", ""Namespace"", ""Kubernetes API Server URL"", ""Erstellen Sie Ihren Cluster:"", ""Authentifizierung"", ""Fügen Sie das Token hier ein"", ""Verbinden"", ""Hier sind einige mögliche Ursachen:"", ""Integrieren"", ""Kopieren"", ""Aktueller Inhalt"", ""Code einbinden"", ""In Zwischenablage kopiert"", ""Neues Token generieren"", ""Fügen Sie Ihren Token hier ein"", ""Ihr Token muss die Scopes 'repo' und 'gist' enthalten."", ""Personal Access Token (classic)"", ""Ihr Token muss die Scopes 'account', 'repository' und 'snippet' enthalten."", ""Bitbucket Benutzername"", ""Fortfahren"", ""Siehe verknüpfte Konten"", ""Unsichere Deaktivierung der TLS Zertifikat Validierung"", ""Commit"", ""Vorhandene Datei bearbeiten"", ""Dateierweiterung wird nicht unterstützt"", ""Von der Quelle öffnen"", ""Neuen Workflow erstellen"", ""Neues Entscheidungsmodell erstellen"", ""Neue Scorecard erstellen"", ""Beispiel ausprobieren"", ""Eine lokale Datei auswählen"", ""Gehe zur Startseite"", ""Fehlerdetails:"", ""Beim Abrufen Ihrer Datei ist ein Fehler aufgetreten"", ""Ein unerwarteter Fehler trat auf, während Sie versuchten, Ihre Datei zu holen"", ""Mögliche Ursachen:"", ""Wenn Sie versuchen, eine private Datei zu öffnen, stellen Sie sicher, dass Sie zuvor Ihr GitHub-Token festlegen. Verwenden Sie dazu eine der Editor-Seiten und öffnen Sie das Modal \""GitHub-Token festlegen\"" unter dem Dropdown-Menü \""Teilen\"""", ""Die URL zu Ihrer Datei muss CORS in ihrer Antwort zulassen, die den folgenden Header enthalten sollte:"", ""icon"", ""file"", ""-Datei öffnen."", ""Ziehen Sie "", ""file"", "" in den "", ""folder"", "" Ordner."", ""file"", ""Öffnen Sie den "", ""folder"", "" Ordner."", ""Nochmals"", ""Rechtsklick auf "", ""file"", ""Rechtsklick auf "", ""file"", ""again"", ""Starten Sie die "", ""file"", ""Erweiterte Einstellungen"", "" ${de_common.names.extendedServices}. Beachten Sie, dass Sie wahrscheinlich mit der rechten Maustaste auf den Download klicken und \""Behalten\"" wählen müssen"", ""Verschieben Sie die "", ""file"", "" Datei in Ihren bevorzugten Ordner."", ""file"", ""Öffnen Sie den Ordner, in dem Sie die "", ""file"", "" Datei abgelegt haben."", ""Öffnen Sie die "", ""file"", "" Datei."", ""Erweiterte Einstellungen"", ""${de_common.names.ubuntu}: "", ""package"", ""${de_common.names.fedora}: "", ""package"", ""Extrahieren Sie den Inhalt von "", ""file"", "" an einen Ort Ihrer Wahl."", ""file"", ""Wechseln Sie zu dem Ordner, in dem Sie die ausführbare Datei "", ""file"", ""Ausführen"", ""Erweiterte Einstellungen"", ""Öffnen Sie ein Terminalfenster und führen Sie den folgenden Befehl in dem Verzeichnis aus, in dem Sie die ausführbare Datei "", ""file"", "" abgelegt haben:"", ""port"", "" Port"", ""Erstellen"", ""Name"", ""Öffentlich"", ""Privat"", ""Der Inhalt von '${workspace}' wird in das neue ${de_common.names.bitbucket} Repository übernommen."", ""Der Inhalt von '${workspace}' wird in das neue ${de_common.names.github} repository übernommen."", ""Das neue Repository wird unter dem folgenden Scope erstellt"", ""Erstellen"", ""Öffentlich"", ""Privat"", ""Der Inhalt des '${workspace}' wird in dem neuen ${de_common.names.bitbucket} Snippet verfügbar gemacht."", ""Der Inhalt des '${workspace}' wird in dem neuen ${de_common.names.github} Gist verfügbar gemacht."", ""GitHub Organisationen"", ""Rückgängig machen"", ""Diese Aktion ist permanent"", ""Sind Sie sicher, dass Sie lokale Änderungen rückgängig machen wollen an: "", ""Ja, dauerhaft rückgängig machen"", ""Alle Änderungen rückgängig machen"", ""Diese Aktion ist permanent"", ""Sind Sie sicher? Die folgenden Dateien werden auf den letzten Commit zurückgesetzt:"", ""Ja, dauerhaft rückgängig machen""]"
online-editor/src/bitbucket/Hooks.tsx,"[27, 28, 131, 158, 160, 166, 175, 176, 179, 193, 199, 201, 205, 219, 253, 258]","[""UNDEFINED"", ""BASIC"", ""Basic "", "":"", ""base64"", ""?format=meta"", ""get"", ""post"", ""branch"", ""message"", ""post"", ""get"", ""file"", ""text/plain"", ""title"", ""post"", ""get"", ""git"", ""bitbucket""]"
online-editor/src/cookies/index.ts,[34],"[""="", ""; expires="", ""; path=/""]"
online-editor/src/accelerators/AcceleratorsHooks.tsx,"[75, 78, 93, 107, 186, 188]","[""sm""]"
online-editor/src/json/JsonParse.ts,[23],"[""string""]"
online-editor/src/gitRefs/GitRefs.ts,"[21, 24, 25]","[""branch"", ""tag"", ""other""]"
online-editor/src/settings/ExtendedServicesSettingsTab.tsx,"[54, 59, 61, 67, 69, 77, 78, 84, 87, 97, 98, 104, 107, 117, 118]","[""100%"", ""polite"", ""polite"", ""default"", ""Host"", ""host"", ""default"", ""default"", ""Port"", ""port"", ""default"", ""save""]"
online-editor/src/settings/CorsProxySettingsTab.tsx,"[40, 45, 46, 53, 56, 63]","[""100%"", ""default"", ""URL"", ""url"", ""default"", ""small""]"
online-editor/src/settings/EditorsSettingsTab.tsx,"[46, 52, 56]","[""100%"", ""small"", ""small""]"
online-editor/src/settings/SettingsModalBody.tsx,"[29, 30, 31]","[""extendedServices"", ""corsProxy"", ""editors""]"
online-editor/src/settings/SettingsContext.tsx,"[57, 75, 78, 86, 105, 148]","[""settings"", ""settings"", ""settings"", ""settings"", ""settings"", ""0.0.0.0"", ""localhost""]"
online-editor/src/responsiveBreakpoints/ResponsiveBreakpoints.ts,"[35, 44]","[""2xl""]"
online-editor/src/filesList/FileLabel.tsx,"[23, 25, 26, 27, 30, 31, 32, 33, 41, 45]","[""工作流"", ""决策"", ""计分卡"", ""hidden""]"
online-editor/src/filesList/FileDataList.tsx,"[53, 54, 55, 73, 83, 91, 102, 124, 125, 126, 149, 230, 253, 260, 261, 262]","[""enabled"", ""readonly"", ""deleted"", ""nowrap"", ""alignLeft"", "" (Deleted)"", ""alignRight"", ""nowrap"", ""hidden"", ""ellipsis"", ""link"", ""link"", ""nowrap"", ""nowrap"", ""hidden"", ""ellipsis""]"
online-editor/src/importFromUrl/NewWorkspaceFromUrlPage.tsx,"[81, 82, 112, 134, 155, 177, 301, 428, 442, 466, 474, 481, 485]","[""string"", ""true"", ""function"", ""function"", ""function"", ""function"", ""Auth session '${queryParamAuthSessionId}' not found."", ""true"", ""true"", ""noPadding"", ""true"", ""Importing '${queryParamUrl}'"", ""true""]"
online-editor/src/importFromUrl/ImportSingleFileFromUrlForm.tsx,"[101, 104, 106, 111, 112]","[""URL"", ""hidden"", ""url"", ""url"", ""url""]"
online-editor/src/importFromUrl/NewWorkspaceWithEmptyFilePage.tsx,[63],"[""noPadding""]"
online-editor/src/importFromUrl/AdvancedImportModalContent.tsx,"[104, 105, 112, 113, 155, 173, 174, 182, 188, 197, 198, 204, 222]","[""confirm"", ""cancel"", ""link"", ""button"", ""url"", ""URL"", ""sm"", ""text"", ""hidden"", ""gitRefName"", ""sm""]"
online-editor/src/importFromUrl/ImportableUrlHooks.tsx,"[407, 474, 482, 506, 515, 540, 548, 562, 573, 574, 576]","[""git"", ""Selected ref '${gitRefName || gitRefNameFromUrl}' does not exist."", ""Can't determine Git refs for '${importableUrl.url.toString()}'"", ""Can't determine Git refs without URL."", ""HEAD"", ""sm"", ""sm"", ""git"", ""hidden"", ""flex"", ""nowrap"", ""hidden"", ""justifyContentFlexStart"", ""inline-flex""]"
online-editor/src/importFromUrl/ImportFromUrlHomePageCard.tsx,"[66, 139, 145, 146, 147, 159, 180, 183, 187, 199]","[""git"", ""justifyContentSpaceBetween"", ""nowrap"", ""nowrap"", ""hidden"", ""ellipsis"", ""url"", ""url"", ""URL"", ""submit""]"
online-editor/src/navigation/NavigationContextProvider.tsx,[103],"[""REPLACE""]"
online-editor/src/navigation/Routes.ts,"[23, 24, 25, 26, 27, 28, 29, 33, 34, 35, 44, 49, 50, 72, 76, 80, 152]","[""settings"", ""url"", ""branch"", ""expand"", ""authSessionId"", ""insecurelyDisableTlsCertificateValidation"", ""confirm"", ""extension"", ""workspaceId"", ""fileRelativePath"", ""pathParams"", ""pathParams"", ""queryParams"", ""queryParams"", ""queryParams"", ""pathParams"", ""type"", ""samples/Sample.${type}""]"
online-editor/src/dmnRunner/DmnRunnerStatus.ts,"[26, 27]","[""form"", ""table""]"
online-editor/src/dmnRunner/DmnRunnerDrawerPanelContent.tsx,"[52, 62, 86, 93, 117, 138, 169, 189, 191, 192, 199, 202, 213, 218, 278, 303]","[""row"", ""column"", ""row"", ""row"", ""column"", ""function"", ""button"", ""nowrap"", ""justifyContentSpaceBetween"", ""alignItemsCenter"", ""default"", ""h3"", ""h3"", ""form"", ""h3""]"
online-editor/src/dmnRunner/DmnRunnerErrorBoundary.tsx,"[48, 57]","[""h2"", ""_blank"", ""noopener noreferrer""]"
online-editor/src/dmnRunner/DmnRunnerDockToggle.tsx,"[36, 38, 39, 61, 62]","[""flex""]"
online-editor/src/dmnRunner/DmnRunnerTable.tsx,"[308, 309, 314, 315, 341, 342, 345, 346]","[""dblclick"", ""dblclick"", ""dblclick"", ""dblclick"", ""scroll"", ""scroll"", ""scroll"", ""scroll""]"
online-editor/src/dmnRunner/DmnRunnerContextProvider.tsx,"[194, 239, 268, 335, 360, 394, 404, 525, 550, 746]","[""details"", ""stack"", ""PROBLEM"", ""function"", ""function"", ""definitions"", ""h2""]"
online-editor/src/extendedServices/ExtendedServicesIcon.tsx,"[53, 55, 70, 72, 84, 86]","[""outdated"", ""left"", ""connected"", ""left"", ""disconnected"", ""left""]"
online-editor/src/extendedServices/ExtendedServicesModal.tsx,"[671, 799, 807, 842, 843, 849]","[""default"", ""submit"", ""submit"", ""error"", ""number""]"
online-editor/src/extendedServices/ExtendedServicesClient.ts,"[46, 62, 77, 92, 106, 107, 110, 111]","[""POST"", ""POST"", ""POST"", ""POST"", ""$ref"", ""#/definitions/"", ""InputSet"", ""OutputSet"", ""${inputSet}"", ""g"", ""InputSet"", ""${outputSet}"", ""g"", ""OutputSet""]"
online-editor/src/extendedServices/FeatureDependentOnExtendedServices.tsx,[29],"[""auto"", ""top"", ""bottom"", ""left"", ""right""]"
online-editor/src/extendedServices/ExtendedServicesBridge.tsx,[41],"[""GET""]"
online-editor/src/extendedServices/ExtendedServicesStatus.tsx,"[21, 22, 24]","[""AVAILABLE"", ""RUNNING"", ""STOPPED""]"
online-editor/src/envelopeLocator/EditorEnvelopeLocatorFactory.ts,"[43, 47]","[""scesim""]"
online-editor/src/envelopeLocator/hooks/EditorEnvelopeLocatorContext.tsx,"[41, 42]","[""Decision""]"
online-editor/src/ResponsiveDropdown/hooks.ts,"[37, 39]","[""resize"", ""resize""]"
online-editor/src/ResponsiveDropdown/ResponsiveDropdown.tsx,[40],"[""sm""]"
online-editor/src/ResponsiveDropdown/ResponsiveDropdownModal.tsx,[48],"[""insetMd""]"
online-editor/src/aboutModal/AboutButton.tsx,"[58, 67, 68, 69, 70, 83]","[""none"", ""alignItemsCenter"", ""flex"", ""center"", ""标志"", ""insetMd""]"
online-editor/src/dmnRunnerPersistence/DmnRunnerPersistenceTypes.ts,"[25, 26]","[""form"", ""table""]"
online-editor/src/dmnRunnerPersistence/DmnRunnerPersistenceService.tsx,"[29, 57, 59, 60]","[""v1"", ""[object Object]"", ""inputs"", ""configs""]"
online-editor/src/authProviders/AuthProvidersContext.tsx,[33],"[""none""]"
online-editor/src/authProviders/AuthProviderIcon.tsx,"[45, 49, 53, 57]","[""github"", ""bitbucket"", ""gitlab"", ""openshift""]"
online-editor/src/authProviders/AuthProvidersApi.ts,"[21, 22, 26, 27, 28, 29, 30]","[""cloud"", ""git"", ""github"", ""bitbucket"", ""gitlab"", ""openshift"", ""kubernetes""]"
online-editor/src/authProviders/AuthProvidersGallery.tsx,"[66, 72, 85, 95, 105, 115, 148]","[""inline-block"", ""italic"", ""github"", ""bitbucket"", ""openshift"", ""kubernetes"", ""xl""]"
online-editor/src/workspace/components/WorkspaceStatusIndicator.tsx,"[66, 73, 80, 108, 109, 117, 118, 120, 126, 127, 129, 135, 136, 138, 147, 148, 149, 156, 157, 163, 200, 201, 202, 234, 235, 236, 240, 241, 242]","[""已修改"", ""bottom"", ""已删除"", ""bottom"", ""已添加"", ""bottom"", ""nowrap"", ""spaceItemsMd"", ""h6"", ""inline"", ""default"", ""自您上次同步以来有新的更改。"", ""bottom"", ""h6"", ""inline"", ""default"", ""所有文件已同步。"", ""bottom"", ""h6"", ""inline"", ""default"", ""检查状态中..."", ""right"", ""nowrap"", ""spaceItemsSm"", ""alignItemsCenter"", ""h6"", ""inline"", ""default"", ""spaceItemsXs"", ""row"", ""alignSelfCenter"", "":workspaceId"", "":fileRelativePath*"", "":extension"", ""synced"", ""unknown"", ""pending"", ""synced"", ""unknown"", ""pending""]"
online-editor/src/workspace/components/WorkspaceLabel.tsx,"[51, 58, 77, 78, 79, 88, 105, 118, 131]","[""gitlab"", ""bitbucket"", ""nowrap"", ""justifyContentFlexStart"", ""spaceItemsSm"", ""right"", ""right"", ""right"", ""right""]"
online-editor/src/workspace/components/GitStatusIndicatorActions.tsx,"[60, 61, 91, 102, 120, 127, 134, 264, 268, 271, 294, 336, 352, 353, 361, 362, 363, 368, 396, 433, 469, 470, 477, 478]","[""revert"", ""revertAll"", ""workspaceFile"", ""row"", ""nowrap"", ""spacerMd"", ""已添加"", ""right"", ""已删除"", ""right"", ""已修改"", ""right"", ""h3"", ""column"", ""p"", ""spaceItemsXs"", ""column"", ""spacerLg"", ""row"", ""justifyContentSpaceBetween"", ""row"", ""spacerMd"", ""nowrap"", ""h4"", ""link"", ""plain"", ""link"", ""bold"", ""row"", ""nowrap"", ""grow""]"
online-editor/src/workspace/components/WorkspaceCommitModal.tsx,"[126, 130, 134, 137, 138, 148, 149]","[""text"", ""10vw"", ""justifyContentFlexEnd"", ""submit"", ""cancel""]"
online-editor/src/workspace/components/WorkspaceListItem.tsx,"[43, 44, 45, 57, 58, 59]","[""nowrap"", ""hidden"", ""ellipsis"", ""nowrap"", ""hidden"", ""ellipsis""]"
online-editor/src/workspace/components/WorkspaceLoadingCard.tsx,"[42, 53, 57, 72, 75, 82, 83, 84, 85, 97, 98, 99, 102, 105, 107]","[""down"", ""link"", ""nowrap"", ""hidden"", ""ellipsis"", ""nowrap"", ""hidden"", ""ellipsis""]"
online-editor/src/workspace/startupBlockers/StartupBlockerTemplate.tsx,"[33, 36, 37, 38, 41, 42]","[""页面头部"", ""stack"", ""none"", ""alignItemsCenter"", ""flex"", ""center"", ""Logo""]"
online-editor/src/workspace/startupBlockers/IncompatibleBrowser.tsx,"[32, 51, 56]","[""BroadcastChannel"", ""Oops!"", ""inline""]"
online-editor/src/workspace/startupBlockers/KieIcon.tsx,[23],"[""favicon.svg"", ""Logo"", ""inline"", ""1em""]"
online-editor/src/workspace/commitMessageValidationService/CommitMessageValidationService.ts,[31],"[""POST""]"
online-editor/src/reactExt/ErrorBoundary.tsx,[46],"[""Error""]"
online-editor/src/home/UploadCard.tsx,"[152, 156, 159, 162, 164, 165, 166, 174, 205, 209, 217, 218, 225, 227, 235, 236, 243, 245]","[""dropzone"", ""relative"", ""absolute"", ""none"", ""md"", ""center"", ""right"", ""md"", ""file"", ""none"", ""right"", ""md"", ""file"", ""none""]"
online-editor/src/home/HomePage.tsx,"[138, 140, 143, 145, 150, 155, 157, 173, 178, 183, 192, 218, 242, 331, 353, 363, 387, 400, 411, 412, 414, 423, 424, 425, 457, 459, 485, 545]","[""top"", ""scroll"", ""var(--pf-c-page__main-section--PaddingTop)"", ""100%"", ""insetXl"", ""calc("", ""% - var(--pf-c-page__main-section--PaddingTop))"", ""column"", ""100%"", ""insetXl"", ""column"", ""工作区区域"", ""h4"", ""lg"", ""pointer"", ""visible"", ""hidden"", ""nowrap"", ""pointer"", ""visible"", ""hidden"", ""nowrap"", ""justifyContentFlexStart"", ""spaceItemsNone"", ""nowrap"", ""hidden"", ""ellipsis"", ""outline"", ""left""]"
online-editor/src/accounts/AccountsIcon.tsx,"[74, 89, 115, 118, 119, 135, 141, 144, 145, 161, 180, 185, 191, 193, 204]","[""back"", ""justifyContentFlexStart"", ""justifyContentSpaceBetween"", ""justifyContentFlexStart"", ""spaceItemsSm"", ""sm"", ""justifyContentSpaceBetween"", ""justifyContentFlexStart"", ""spaceItemsSm"", ""sm"", ""insetMd"", ""h4"", ""md""]"
online-editor/src/accounts/AccountsContext.tsx,"[34, 35, 86]","[""CLOSED"", ""HOME"", ""CLOSE""]"
online-editor/src/accounts/openshift/ConnectToDeveloperSandboxForRedHatOpenShiftWizard.tsx,"[57, 58, 59, 169, 225, 232, 233, 242, 295, 302, 304, 314, 323, 329, 331, 341, 377, 383, 400, 475, 479, 485, 504, 507]","[""NAMESPACE"", ""CONNECT"", ""openshift"", ""error"", ""off"", ""text"", ""plain"", ""清除命名空间按钮"", ""error"", ""off"", ""text"", ""plain"", ""清除主机按钮"", ""error"", ""off"", ""text"", ""plain"", ""清除主机按钮"", ""xl"", ""default"", ""link"", ""link""]"
online-editor/src/accounts/openshift/ConnecToOpenShiftSimple.tsx,"[50, 51, 91, 142, 144, 157, 159, 173, 192, 208, 210, 222, 233, 248, 250, 262, 273, 288, 290, 302, 325, 326]","[""INITIAL"", ""INVALID"", ""openshift"", ""polite"", ""polite"", ""link"", ""button"", ""off"", ""text"", ""plain"", ""清除命名空间按钮"", ""button"", ""off"", ""text"", ""plain"", ""清除主机按钮"", ""button"", ""off"", ""text"", ""plain"", ""清除令牌按钮"", ""save""]"
online-editor/src/accounts/openshift/ConnectToOpenShiftSection.tsx,"[98, 104]","[""See connected accounts"", ""Continue""]"
online-editor/src/accounts/openshift/OpenShiftInstanceStatus.tsx,"[21, 22, 23]","[""DISCONNECTED"", ""CONNECTED""]"
online-editor/src/accounts/git/ConnectToGitSection.tsx,"[58, 59, 60, 61, 62, 63, 70, 105, 150, 203, 213, 284, 288, 290, 311, 313, 331, 351]","[""account"", ""repository"", ""repository:write"", ""repository:admin"", ""snippet"", ""snippet:write"", ""login"", ""name"", ""uuid"", ""email"", ""git"", ""git"", ""1em"", ""none"", ""1em"", ""username"", ""off"", ""usernameInput"", ""off"", ""tokenInput"", ""noopener"", ""noopener""]"
online-editor/src/accounts/kubernetes/ConnectToKubernetesSimple.tsx,"[48, 49, 91, 149, 151, 164, 166, 179, 181, 194, 196, 210, 229, 245, 247, 259, 270, 285, 287, 299, 310, 325, 327, 339, 362, 363, 370]","[""INITIAL"", ""INVALID"", ""kubernetes"", ""polite"", ""polite"", ""polite"", ""polite"", ""link"", ""button"", ""off"", ""text"", ""plain"", ""清除命名空间按钮"", ""button"", ""off"", ""text"", ""plain"", ""清除主机按钮"", ""button"", ""off"", ""text"", ""plain"", ""清除令牌按钮"", ""save"", ""Connecting"", ""Connect""]"
online-editor/src/accounts/kubernetes/KubernetesInstanceStatus.tsx,"[21, 22, 23]","[""DISCONNECTED"", ""CONNECTED""]"
online-editor/src/accounts/kubernetes/ConnectToLocalKubernetesClusterWizard.tsx,"[61, 62, 66, 67, 262, 284, 295, 413, 420, 421, 424, 430, 442, 449, 451, 460, 492, 498, 500, 510, 544, 550, 567, 647, 651, 657, 676, 679]","[""AUTHENTICATION"", ""CONNECT"", ""Kind"", ""Minikube"", ""kubernetes"", ""_blank"", ""noreferrer"", ""_blank"", ""noreferrer"", ""error"", ""off"", ""text"", ""namespace field"", ""plain"", ""清除命名空间按钮"", ""error"", ""off"", ""text"", ""plain"", ""清除主机按钮"", ""error"", ""off"", ""text"", ""plain"", ""清除主机按钮"", ""xl"", ""default"", ""link"", ""link""]"
online-editor/src/github/Hooks.tsx,"[64, 69]","[""git"", ""github""]"
online-editor/src/pageTemplate/OnlineEditorPage.tsx,"[45, 48, 51, 53, 62, 66]","[""页面头部"", ""inline"", ""justifyContentFlexEnd"", ""nowrap"", ""none"", ""Logo"", ""alignRight"", ""spacerNone"", ""spacerMd"", ""separator""]"
online-editor/src/editor/EditorPageDockToggleItem.tsx,[35],"[""disabled"", ""top-end""]"
online-editor/src/editor/DeleteDropdownWithConfirmation.tsx,[47],"[""unset""]"
online-editor/src/editor/EditorPageDockDrawer.tsx,"[50, 67, 69]","[""bottom"", ""flex""]"
online-editor/src/editor/EditorPageErrorPage.tsx,"[48, 56, 60, 69]","[""\\n"", ""h2"", ""ellipsis"", ""hidden"", ""100%""]"
online-editor/src/editor/Validation.tsx,"[49, 50, 81, 83, 102, 134, 136, 138, 178, 186]","[""PROBLEM"", ""ERROR"", ""ALERT"", ""("", "")"", ""ERROR"", ""PROBLEM""]"
online-editor/src/editor/EditorPage.tsx,"[105, 278, 313, 338, 374, 383, 481]","[""normalized posix path relative to the workspace root"", ""relativePath"", ""relativePaths"", ""Can't find ${normalizedPosixPathRelativeToTheWorkspaceRoot} on Workspace '${workspaceFilePromise.data.workspaceFile.workspaceId}'"", ""h2"", ""_blank"", ""noopener noreferrer"", ""noPadding"", ""编辑器部分""]"
online-editor/src/editor/TextEditor/TextEditorModal.tsx,"[50, 100]","[""xml"", ""confirm""]"
online-editor/src/editor/NotificationsPanel/NotificationsPanel.tsx,[147],"[""initial""]"
online-editor/src/editor/NotificationsPanel/NotificationsPanelDockToggle.tsx,"[108, 110, 111, 122, 123, 127]","[""flex""]"
online-editor/src/editor/NotificationsPanel/NotificationsPanelTabContent.tsx,"[42, 43, 44, 45, 46, 47, 48, 49, 51]","[""ERROR"", ""HINT"", ""default""]"
online-editor/src/editor/Toolbar/NewFileDropdownMenu.tsx,"[58, 114, 128, 291, 312, 321, 322, 324, 325, 352, 353, 355, 356, 390, 394, 396]","[""addFileRootMenu"", ""importFromUrlMenu"", ""none"", ""samplesItemId"", ""down"", ""samplesMenu"", ""up"", ""importFromUrlItemId"", ""down"", ""importFromUrlMenu"", ""up"", ""importUploadingItemId"", ""file"", ""none""]"
online-editor/src/editor/Toolbar/EditorToolbar.tsx,"[94, 95, 96, 97, 98, 99, 102, 103, 104, 105, 106, 107, 110, 111, 112, 113, 114, 115, 203, 241, 272, 275, 276, 277, 291, 293, 294, 295, 298, 299, 323, 328, 338, 362, 383, 385, 462, 480]","[""visibility"", ""visible"", ""2xl"", ""hidden"", ""hidden"", ""visible"", ""visible"", ""visibility"", ""hidden"", ""2xl"", ""visible"", ""visible"", ""hidden"", ""hidden"", ""visibility"", ""hidden"", ""2xl"", ""visible"", ""visible"", ""visible"", ""hidden"", ""nowrap"", ""Create a save point"", ""nav"", ""noPadding"", ""justifyContentSpaceBetween"", ""nowrap"", ""spaceItemsMd"", ""nav"", ""justifyContentSpaceBetween"", ""alignItemsCenter"", ""nowrap"", ""visible"", ""nowrap"", ""alignItemsCenter"", ""outline"", ""give-feedback"", ""We'd love to hear from you!"", ""Add file"", ""right"", ""absolute""]"
online-editor/src/editor/Toolbar/SyncDropdownMenu.tsx,"[100, 101, 105, 116, 122, 125, 126, 168, 196, 235, 236, 251]","[""mouseenter click"", ""left"", ""GitHub Gist"", ""menuitem"", ""default"", ""nowrap"", ""您无法更新不属于您的 Gist"", ""default"", ""GitHub Gist"", ""mouseenter click"", ""left"", ""default""]"
online-editor/src/editor/Toolbar/FileSwitcher.tsx,"[90, 250, 251, 254, 256, 257, 274, 302, 306, 307, 308, 309, 319, 320, 325, 336, 337, 346, 354, 378, 399, 431, 464, 466, 480, 484, 518, 530, 536, 540, 542, 550, 595, 697, 702, 740, 765, 770, 771, 772, 776, 778, 780, 790, 795, 829, 856, 870, 871, 923, 926, 933, 936, 946, 967, 1004, 1015, 1054, 1067]","[""rootMenu"", ""alignItemsCenter"", ""nowrap"", ""flex"", ""baseline"", ""relative"", ""left"", ""nowrap"", ""alignItemsCenter"", ""kogito--editor__toolbar-name-container ${newFileNameValid ? \""\"" : \""invalid\""}"", ""EmbeddedEditorFile name"", ""h3"", ""2xl"", ""bold"", ""bottom"", ""manual"", ""bold"", ""text"", ""Edit file name"", ""none"", ""down"", ""auto"", ""li"", ""down"", ""dd${descriptor.workspaceId}"", ""fixed"", ""link"", ""load"", ""#EEE"", ""xl"", ""h4"", ""lg"", ""search"", ""small"", ""nearest"", ""smooth"", ""up"", ""${props.workspace.descriptor.workspaceId}-breadcrumb"", ""justifyContentFlexEnd"", ""alignItemsCenter"", ""Select to display only modified, added, or deleted files"", ""bottom"", ""Only modified"", ""Select to display only modified, added, or deleted files"", ""justifyContentCenter"", ""li"", ""div"", ""auto"", ""li"", ""down"", ""dd${props.workspace.descriptor.workspaceId}-other"", ""fixed"", ""up"", ""li"", ""div"", ""block"", ""insetMd"", ""plain"", ""plain""]"
online-editor/src/editor/Toolbar/VsCodeDropdownMenu.tsx,"[63, 71, 74, 85, 86, 87, 92, 93, 95, 118, 137]","[""right"", ""nowrap"", ""nowrap"", ""hidden"", ""ellipsis"", ""middle""]"
online-editor/src/editor/Toolbar/FileStatus.tsx,"[66, 67, 69, 74, 79, 80, 82, 87, 95, 96, 98, 103, 108, 109, 111, 116]","[""Saving in memory..."", ""bottom"", ""hidden"", ""flex"", ""sm"", ""File is in memory."", ""bottom"", ""hidden"", ""flex"", ""sm"", ""Writing file..."", ""bottom"", ""hidden"", ""flex"", ""sm"", ""File is written on disk."", ""bottom"", ""hidden"", ""flex"", ""sm""]"
online-editor/src/editor/Toolbar/Accelerators/AcceleratorIcon.tsx,[29],"[""middle""]"
online-editor/src/editor/Toolbar/Accelerators/AcceleratorModal.tsx,"[45, 49, 52, 58, 63, 79]","[""Accelerator"", ""cancel"", ""link"", ""h1"", ""1rem 0"", ""inline""]"
online-editor/src/editor/Toolbar/Accelerators/AcceleratorIndicator.tsx,[41],"[""right""]"
online-editor/src/editor/Toolbar/Accelerators/AcceleratorsDropdown.tsx,"[76, 80]","[""Accelerators"", ""right""]"
online-editor/src/editor/Toolbar/GitIntegration/CreateGistOrSnippetModal.tsx,"[106, 132, 165, 261, 262, 272, 283, 293, 302]","[""organization"", ""https"", ""https"", ""HEAD"", ""create"", ""organization"", ""hidden""]"
online-editor/src/editor/Toolbar/GitIntegration/LoadOrganizationsSelect.tsx,"[124, 125, 164, 165, 177, 180, 182, 202, 225, 226]","[""organization"", ""user"", ""group1"", ""user"", ""li"", ""group2"", ""organization"", ""grow"", ""link"", ""Reload""]"
online-editor/src/editor/Toolbar/GitIntegration/PushToGitAlertActionLinks.tsx,"[40, 45, 64]","[""Should specify remoteRef for GIT workspaces"", ""bold"", ""default""]"
online-editor/src/editor/Toolbar/GitIntegration/GitIntegrationContextProvider.tsx,"[109, 207, 219, 221, 229, 269]","[""gists"", ""get"", ""response"", ""data"", ""function"", ""github"", ""bitbucket"", ""git"", ""github""]"
online-editor/src/editor/Toolbar/GitIntegration/CreateGitRepositoryModal.tsx,"[88, 105, 112, 133, 168, 271, 272, 285, 296, 306, 314, 328, 330]","[""organization"", ""https"", ""https"", ""organization"", ""organization"", ""Undefined create repository command for auth type "", ""create"", ""organization"", ""hidden"", ""inset3xl"", ""hidden""]"
online-editor/src/editor/Toolbar/GitIntegration/GitIntegrationAlerts.tsx,"[42, 59, 62, 75, 78, 89, 98, 112, 126, 144, 147, 162, 180, 194, 195, 204, 221, 236, 270, 273, 277, 305, 334, 341, 349, 372]","[""sm"", ""sm"", ""Commit created."", ""Pushed to '${workspace.descriptor.origin.url}'"", ""sm"", ""Pulled from '${workspace.descriptor.origin.url}'"", ""mouseenter click"", ""left"", ""Switch to '${newBranchName}'"", ""无内容需要提交。"", ""sm"", ""Gist"", ""force"", ""dismiss""]"
online-editor/src/editor/Toolbar/Workspace/Hooks.tsx,"[61, 72, 81]","[""insetMd"", ""bold""]"
online-editor/src/editor/Toolbar/Workspace/WorkspaceToolbar.tsx,"[103, 104, 105, 106, 137, 140, 144, 148, 149, 151, 158, 163]","[""justifyContentFlexStart"", ""nowrap"", ""spaceItemsSm"", ""alignItemsCenter"", ""middle"", ""inline-block"", ""middle"", ""h3"", ""md"", ""italic"", ""text"", ""italic""]"
online-editor/src/editor/Toolbar/Share/EmbedModal.tsx,"[36, 37, 46, 48, 53, 55, 60, 62, 100, 109, 112, 118, 130, 144, 154, 155, 156, 161, 194, 198, 212, 218, 241]","[""${fileContent}"", ""*"", ""module"", ""${gistId}"", ""text"", ""en"", ""${standaloneEditorLibraryUrl}"", ""iframe"", ""mouseenter click"", ""GitHub Gist"", ""\\n""]"
online-editor/src/editor/Toolbar/Share/GitDropdownGroup.tsx,"[77, 105, 106, 115, 141, 142, 150]","[""mouseenter click"", ""left"", ""button"", ""mouseenter click"", ""left"", ""button""]"
online-editor/src/editor/Toolbar/Share/DownloadDropdownGroup.tsx,"[57, 97]","[""button""]"
online-editor/src/editor/Toolbar/Share/EmbedDropdownGroup.tsx,"[39, 57]","[""button""]"
online-editor/src/editor/ExtendedServices/ExtendedServicesDropdownGroup.tsx,"[62, 67, 71, 84]","[""Run"", ""left"", ""button"", ""Deploy""]"
online-editor/src/editor/ExtendedServices/ExtendedServicesButtons.tsx,"[129, 131, 147, 157, 173, 191, 200, 208, 218, 229, 230]","[""top"", ""action"", ""button"", ""button"", ""button"", ""button"", ""div"", "" Delete inputs"", ""file"", ""none""]"
online-editor/src/os/SelectOs.tsx,"[36, 37, 38, 66, 77]","[""Linux"", ""macOS"", ""Windows"", ""parent""]"
online-editor/src/authSessions/AuthSessionLabel.tsx,"[33, 37, 39]","[""alignItemsCenter"", ""inline-flex"", ""git"", ""openshift"", ""kubernetes""]"
online-editor/src/authSessions/CompatibleAuthSessions.ts,"[38, 65, 68, 73, 74, 75, 94, 130, 133, 160, 164, 171, 173, 177, 184, 186, 190, 197, 199, 203, 210, 212, 216]","[""none"", ""none"", ""none"", ""github"", ""gitlab"", ""bitbucket"", ""git"", ""none"", ""git"", ""none"", ""git"", ""Same"", ""Same"", ""Same"", ""git"", ""none"", ""Same"", ""Same"", ""openshift"", ""Same"", ""Same"", ""kubernetes"", ""Same"", ""Same"", ""kubernetes"", ""openshift"", ""Same""]"
online-editor/src/authSessions/AuthSessionsContext.tsx,"[157, 187, 203, 285, 297]","[""git"", ""openshift"", ""kubernetes"", ""git"", ""git""]"
online-editor/src/authSessions/AuthSessionSelect.tsx,"[76, 112, 153, 154, 155, 168, 170, 195, 196, 221, 227, 233, 244, 254, 257, 273, 276, 305]","[""none"", ""parent"", ""less"", ""more"", ""title"", ""italic"", ""0.8"", ""var(--pf-global--BoxShadow--sm-top)"", ""var(--pf-global--BoxShadow--sm-top)"", ""${id}-divider"", ""insetMd"", ""none"", ""git"", ""justifyContentSpaceBetween"", ""openshift"", ""kubernetes"", ""justifyContentSpaceBetween"", ""bottom""]"
online-editor/src/authSessions/AuthSessionApi.ts,"[36, 44, 45, 53, 55, 69, 80, 81, 82, 117, 121]","[""Map"", ""object"", ""Map"", ""none"", ""none"", ""git"", ""openshift"", ""kubernetes"", ""none"", ""openshift"", ""kubernetes"", ""git""]"
online-editor/src/authSessions/AuthSessionsList.tsx,"[64, 106, 108, 118, 155, 156, 160, 161, 162, 166, 177, 193, 215, 237]","[""openshift"", ""kubernetes"", ""auto"", ""none"", ""openshift"", ""kubernetes"", ""flex"", ""git"", ""git"", ""openshift"", ""kubernetes"", ""1 usage"", ""${props.usages.length} usages"", ""-"", ""insetXl"", ""openshift"", ""kubernetes"", ""openshift"", ""git""]"
online-editor/src/devDeployments/DevDeploymentsTokensList.tsx,"[42, 73, 86, 122]","[""labels"", ""annotations"", ""xxxxxxxxx"", ""x"", ""pre""]"
online-editor/src/devDeployments/DevDeploymentsConfirmDeleteModal.tsx,"[45, 60, 73, 112, 113, 120]","[""openshift"", ""kubernetes"", ""confirm"", ""cancel"", ""link""]"
online-editor/src/devDeployments/DevDeploymentsDropdown.tsx,"[62, 79, 80, 126, 127, 130, 131, 134, 135, 141, 145, 154, 158, 177, 180, 186, 199, 211, 230, 250, 251]","[""openshift"", ""kubernetes"", ""openshift"", ""kubernetes"", ""Can't load Dev Deployments with this AuthSession."", ""sk1"", ""80%"", ""sk2"", ""80%"", ""sk3"", ""80%"", ""disabled link"", ""h4"", ""md"", ""disabled link"", ""h4"", ""md"", ""delete-all-separator"", ""insetMd"", ""button"", ""sm"", ""h4"", ""md"", ""right"", ""cloud-auth-session-select"", ""justifyContentSpaceBetween""]"
online-editor/src/devDeployments/DevDeploymentsDropdownItem.tsx,"[90, 108, 123, 137, 162, 191]","[""left"", ""left"", ""left"", ""left"", ""grow"", ""0"", ""alignSelfCenter""]"
online-editor/src/devDeployments/DevDeploymentsConfirmDeployModal.tsx,"[89, 104, 185, 205, 225, 240, 262, 263, 270, 283, 299]","[""boolean"", ""text"", ""number"", ""number"", ""confirm"", ""cancel"", ""link"", ""parent"", ""fullWidth"", ""1rem""]"
online-editor/src/devDeployments/DevDeploymentsContextProvider.tsx,"[57, 63]","[""openshift"", ""kubernetes""]"
online-editor/src/devDeployments/DevDeploymentsDeployDropdownItems.tsx,"[41, 70, 91, 96, 99, 106]","[""openshift"", ""kubernetes"", ""button"", ""nowrap"", ""nowrap""]"
online-editor/src/devDeployments/services/KieSandboxDevDeploymentsService.ts,"[106, 109]","[""Progressing"", ""True""]"
online-editor/src/devDeployments/services/KubernetesService.ts,"[49, 50, 57, 58, 61, 65, 66, 69, 93, 124, 125, 131, 185, 191, 263, 266, 290, 324, 355, 357]","[""CONNECTED"", ""ERROR"", ""Namespace"", ""v1"", ""Deployment"", ""Service"", ""v1"", ""Ingress"", ""Ingress"", ""Service"", ""v1"", ""Deployment"", ""k8sApiServerEndpointsByResourceKind"", ""k8sApiServerEndpointsByResourceKind"", ""Progressing"", ""True"", ""${apiPath.replace(\"":namespace\"", this.args.connection.namespace)}/${args.resourceId}"", "":namespace"", ""${apiPath.replace(\"":namespace\"", this.args.connection.namespace)}/${args.resourceId}"", ""DELETE""]"
online-editor/src/devDeployments/services/common.ts,"[21, 22, 24, 25, 29, 30]","[""UP"", ""DOWN"", ""PREPARING"", ""ERROR"", ""UP"", ""ERROR""]"
online-editor/src/devDeployments/services/KieSandboxDevDeploymentsUploadAppApi.tsx,"[22, 23, 24, 25, 30, 49]","[""READY"", ""UPLOADING"", ""UPLOADED"", ""ERROR"", ""myFile"", ""POST""]"
online-editor/src/devDeployments/services/openshift/KieSandboxOpenShiftService.ts,"[39, 43, 49]","[""Route"", ""Project"", ""Route""]"
online-editor/src/devDeployments/services/openshift/OpenShiftDeploymentOptions.ts,"[33, 36, 41, 44, 50]","[""boolean"", ""test"", ""/kind"", ""Deployment"", ""add"", ""TCP""]"
online-editor/src/devDeployments/services/deploymentOptions/types.ts,"[33, 37, 41, 48]","[""text"", ""number"", ""boolean"", ""boolean""]"
online-editor/src/devDeployments/services/deploymentOptions/KieSandboxDevDeploymentRequiredPatches.ts,"[38, 39, 45, 50, 58, 59, 65, 70]","[""checkType"", ""/metadata/labels"", ""null"", ""add"", ""/metadata/labels"", ""add"", ""add"", ""checkType"", ""/metadata/annotations"", ""null"", ""add"", ""/metadata/annotations"", ""add"", ""add""]"
online-editor/src/devDeployments/services/deploymentOptions/kogitoQuarkusBlankApp/DeploymentYaml.ts,[55],"[""2048Mi""]"
online-editor/src/devDeployments/services/deploymentOptions/kogitoQuarkusBlankApp/IngressYaml.ts,[35],"[""false""]"
online-editor/src/devDeployments/services/deploymentOptions/kogitoQuarkusBlankApp/FormWebappIngressYaml.ts,[35],"[""false""]"
online-editor/src/devDeployments/services/deploymentOptions/customImage/DeploymentYaml.ts,[52],"[""2048Mi""]"
online-editor/src/devDeployments/services/deploymentOptions/customImage/IngressYaml.ts,[35],"[""false""]"
online-editor/src/devDeployments/services/deploymentOptions/customImage/index.ts,"[36, 40, 43, 46, 55, 59, 62, 65, 72, 75, 84, 86, 88, 91, 94]","[""dockerImage"", ""text"", ""test"", ""/kind"", ""Deployment"", ""replace"", ""containerPort"", ""number"", ""test"", ""/kind"", ""Deployment"", ""replace"", ""test"", ""/kind"", ""Service"", ""replace"", ""command"", ""The command to be executed when the container starts (passed as args to the Deployment)"", ""text"", ""test"", ""/kind"", ""Deployment"", ""add""]"
online-editor/src/devDeployments/services/kubernetes/KieSandboxKubernetesService.ts,[62],"[""deployments"", ""services"", ""ingresses""]"
online-editor/src/devDeployments/services/kubernetes/KubernetesDeploymentOptions.ts,"[32, 35, 40, 43, 49, 60, 63, 68, 73, 85, 90, 93, 96, 108, 111, 116, 121]","[""boolean"", ""test"", ""/kind"", ""Deployment"", ""add"", ""TCP"", ""test"", ""/kind"", ""Deployment"", ""add"", ""add"", ""add"", ""command"", ""text"", ""test"", ""/kind"", ""Deployment"", ""add"", ""test"", ""/kind"", ""Deployment"", ""add"", ""add"", ""add""]"
